desc,val
nokoe论坛,http://www.nokoe.com/index.php
购物论坛,http://www.bayyy.com/index.php
五月天论坛,http://www.ffqff.com/index.php
淘宝抢购,http://www.24696.com/index.php
80后论坛,http://www.80ic.com
中国娱乐论坛,http://www.zgyzyh.com/index.php
粤文化推广论坛,http://www.gbbye.com/index.php
浙江论坛,http://www.wtzmb.com/index.php
海角论坛,http://www.ffhff.com/index.php
大河论坛,http://www.bbbbm.com/index.php
嘉兴第九区,http://www.jx09.com/index.php
百度论坛,http://www.321baidu.com
财经论坛,http://www.caijing3.com
特搜论坛,http://www.sou22.com/index.php?m=bbs
华商论坛,http://bbs.hsw.cn/bbs.html
